Ticker,Company,Sector,Price,50DMA,200DMA,52w High,Pullback %,Distance Above 200DMA %,50DMA Above 200DMA %,Trend OK,Pullback OK,Qualifies
V,Visa,Financial Infrastructure,360.6600036621094,368.5046148681641,336.5108346557617,384.1400146484375,-6.112357497517373,7.176342191493301,9.50750374653786,True,False,False
MA,Mastercard,Financial Infrastructure,552.260009765625,570.7019958496094,531.1459645080566,599.8599853515625,-7.935181000286318,3.9751869859585565,7.44729960966366,True,False,False
SPGI,S&P Global,Financial Infrastructure,386.2699890136719,416.71953857421875,422.4754634094238,513.3385009765625,-24.753357038515254,-8.569840743784207,-1.362428196126264,False,False,False
MCO,Moody's,Financial Infrastructure,441.3599853515625,480.6687805175781,469.5933804321289,536.0316162109375,-17.661575921320306,-6.012306871656814,2.3585085622922053,False,True,False
ICE,Intercontinental Exchange,Financial Infrastructure,150.14999389648438,154.93225921630858,154.0031191635132,173.3140411376953,-13.36536098815413,-2.5019787183256703,0.6033254766800278,False,True,False
CME,CME Group,Financial Infrastructure,263.1400146484375,269.7031042480469,274.466217880249,315.71124267578125,-16.6516806882711,-4.126629251237468,-1.73540979614486,False,True,False
FDS,FactSet,Financial Infrastructure,266.0,282.0535940551758,247.3214778137207,313.54998779296875,-15.16504214452884,7.55232515647013,14.043307742004863,True,True,True
MSCI,MSCI,Financial Infrastructure,535.9500122070312,559.9454821777343,569.5972694396972,641.5355834960938,-16.458256409358686,-5.907201287282193,-1.6944932463347606,False,True,False
MORN,Morningstar,Financial Infrastructure,183.5500030517578,200.9398065185547,185.13186347961425,225.7563934326172,-18.69554599943455,-0.8544506591814383,8.538747864265472,False,True,False
ROP,Roper Technologies,Industrials,354.32000732421875,389.89704040527346,367.2017594909668,515.0267333984375,-31.203569766909943,-3.508085632434166,6.1806024420383965,False,False,False
ITW,Illinois Tool Works,Industrials,262.9200134277344,277.06769592285156,265.2637830352783,295.4051818847656,-10.996817405086468,-0.8835618570787851,4.4498773079789,False,False,False
TT,Trane Technologies,Industrials,463.9100036621094,453.76639770507813,445.904013671875,502.2725524902344,-7.6377951846912655,4.038086547362707,1.763245853846196,True,False,False
AME,Ametek,Industrials,251.92999267578125,243.580947265625,229.64533699035644,258.143798828125,-2.4071103704803587,9.703944341948745,6.068318415650564,True,False,False
ROK,Rockwell Automation,Industrials,454.3500061035156,437.3502020263672,421.77509246826173,493.55963134765625,-7.944252883299918,7.723290022799323,3.692752330859239,True,False,False
EMR,Emerson Electric,Industrials,161.61000061035156,154.48851776123047,143.82451236724853,163.82443237304688,-1.3517103222142057,12.366103628906245,7.414595202486729,True,False,False
NDSN,Nordson,Industrials,333.5400085449219,314.803984375,285.6286463165283,333.6978454589844,-0.04729935065820312,16.774004584714895,10.214429972174477,True,False,False
CPRT,Copart,Industrials,27.219999313354492,30.491600112915037,33.49595017433167,45.7599983215332,-40.51573358440089,-18.736446729570634,-8.96929343929732,False,False,False
ODFL,Old Dominion Freight Line,Industrials,180.47999572753906,196.39513397216797,199.31629089355468,248.3442840576172,-27.32669631902349,-9.450454391645879,-1.4655886421982234,False,False,False
DHR,Danaher,Healthcare,214.05999755859375,208.44653594970703,200.81217895507814,240.6086883544922,-11.033970126957293,6.597119095291104,3.8017400310848215,True,False,False
TMO,Thermo Fisher Scientific,Healthcare,654.7999877929688,617.1179809570312,541.7445077514649,679.6099853515625,-3.650622870963194,20.868781948661706,13.913103340614818,True,False,False
ABT,Abbott Laboratories,Healthcare,97.5,106.83819992065429,103.14446842193604,131.5493927001953,-25.883352253700487,-5.472390820655592,3.581124179736128,False,False,False
SYK,Stryker,Healthcare,275.42999267578125,310.2833935546875,328.1889176940918,384.1690673828125,-28.305005254021697,-16.075778971759092,-5.455858858736418,False,False,False
BSX,Boston Scientific,Healthcare,42.599998474121094,46.8763996887207,61.73215000152588,104.9800033569336,-59.420844816245186,-30.99220021809038,-24.064851641224184,False,False,False
BDX,Becton Dickinson,Healthcare,176.8000030517578,179.4195523071289,160.70177505493163,190.87437438964844,-7.373630631610817,10.017454997820296,11.647523647949187,True,False,False
WST,West Pharmaceutical Services,Healthcare,364.9800109863281,351.8175921630859,302.054619140625,376.6300048828125,-3.093219803374203,20.832454747665196,16.474826031146762,True,False,False
RMD,ResMed,Healthcare,218.88999938964844,223.02753967285156,224.68568710327148,280.3143310546875,-21.912661915617715,-2.579464579316615,-0.7379853393410851,False,False,False
MCK,McKesson,Healthcare,902.280029296875,877.5846533203126,845.9176565551758,993.5343017578125,-9.184813478456222,6.662867514933235,3.7435081913402835,True,False,False
IQV,IQVIA,Healthcare,258.2099914550781,253.79540008544922,205.83274963378906,275.0199890136719,-6.112282099523347,25.446505434376675,23.301758605952514,True,False,False
COST,Costco,Consumer,920.6500244140625,933.1289990234375,959.4271627807617,1092.5828857421875,-15.73636779156866,-4.041696949074202,-2.7410276441520387,False,True,False
TJX,TJX Companies,Consumer,132.67999267578125,140.8608528137207,151.81206806182863,167.88031005859375,-20.967507964767783,-12.60247332791451,-7.213665809260839,False,False,False
ORLY,O'Reilly Automotive,Consumer,84.9000015258789,88.38000061035156,90.95205001831054,104.97000122070312,-19.119747986499814,-6.654108941154413,-2.8279180155270534,False,True,False
AZO,AutoZone,Consumer,2792.030029296875,2963.6544140625,3296.6827502441406,4253.7099609375,-34.3624728781103,-15.307894607386551,-10.10192249032691,False,False,False
ROST,Ross Stores,Consumer,228.5399932861328,237.47771423339844,217.13165489196777,254.73765563964844,-10.284173451990464,5.254111105928416,9.370379160769392,True,False,False
MCD,McDonald's,Consumer,231.88999938964844,258.2188830566406,286.35121719360353,334.5029602050781,-30.676248949342455,-19.019027869936934,-9.824415769094674,False,False,False
CMG,Chipotle Mexican Grill,Consumer,32.36000061035156,34.68459995269775,34.872900075912476,42.36000061035156,-23.607176241532645,-7.2058803830216345,-0.5399611813322824,False,False,False
LULU,Lululemon Athletica,Consumer,94.45999908447266,111.93460067749024,144.9548498535156,215.8800048828125,-56.2442111599224,-34.8348819098296,-22.77967878232018,False,False,False
PG,Procter & Gamble,Consumer,144.91000366210938,145.7342007446289,146.2090630340576,164.72073364257812,-12.026858758081648,-0.8884944236634884,-0.3247830740274238,False,True,False
MNST,Monster Beverage,Consumer,42.939998626708984,45.484200134277344,42.39695007324219,49.970001220703125,-14.068445912067606,1.2808670258795951,7.281773938223912,True,True,True
ADBE,Adobe,Software & Data,237.69000244140625,258.48619873046874,259.87209999084473,359.9100036621094,-33.958489616044595,-8.535774925519114,-0.5333012895285094,False,False,False
ADSK,Autodesk,Software & Data,212.0,233.4109994506836,238.96624977111816,323.42999267578125,-34.45258485581546,-11.284543234430144,-2.3247008001152425,False,False,False
SNPS,Synopsys,Software & Data,489.8999938964844,407.6074011230469,444.8994515991211,534.5599975585938,-8.354535293713994,10.11476686150452,-8.382130016576516,False,False,False
FICO,Fair Isaac,Software & Data,661.25,1028.427996826172,1218.656546936035,1879.550048828125,-64.81870751926607,-45.739429073554405,-15.609693361771093,False,False,False
HUBS,HubSpot,Software & Data,214.52999877929688,230.68919921875,246.36809928894044,494.5799865722656,-56.623801082992095,-12.922980126702143,-6.364013894429665,False,False,False
MANH,Manhattan Associates,Software & Data,204.14999389648438,202.75620086669923,161.21250011444093,223.75999450683594,-8.763854617342004,26.634097077809194,25.769528245494257,True,False,False
TYL,Tyler Technologies,Software & Data,322.80999755859375,336.1312017822266,345.47685012817385,518.6900024414062,-37.76436869051473,-6.561033702018115,-2.705144597237119,False,False,False
